"Tipo","Vol","Nome do produto","Categoria","Tags","Descricao curta","Descricao longa (HTML)","Preco (BRL)","Preco (centavos)","Ciclo de cobranca","Tipo de entrega","Arquivo PDF","ID externo"
"digital","01","Vol. 01 · Hábitos Atômicos — Resumo Leitura Breve","Comportamento","Comportamento; Desenvolvimento pessoal; James Clear; Leitura Breve","Resumo editorial de ""Hábitos Atômicos"" (James Clear). 25-39 páginas com tese, capítulos comentados, citações e caderno de leitura.","<h2>Resumo editorial de <em>Hábitos Atômicos</em></h2> <p><strong>Autor:</strong> James Clear<br> <strong>Categoria:</strong> Comportamento · Desenvolvimento pessoal<br> <strong>Coleção:</strong> Leitura Breve · Vol. 01</p>  <h3>A tese, em uma frase</h3> <p><em>Você não se eleva ao nível das suas metas — cai ao nível dos seus sistemas.</em></p>  <h3>O que você recebe</h3> <ul>   <li>Resumo editorial completo em PDF (formato A4, design minimalista moderno)</li>   <li>Tese central destacada</li>   <li>Capítulos comentados com pontos-chave</li>   <li>Citações em destaque (parede de citações)</li>   <li>Insights e inversões</li>   <li>Aplicação prática (passo a passo)</li>   <li>Cronograma de 4 semanas para implantar as ideias</li>   <li>Caderno de leitura com espaço para anotações</li>   <li>Provocações pessoais para reflexão</li> </ul>  <h3>Para quem é</h3> <ul>   <li>Quem quer entender a essência do livro em uma sessão de leitura</li>   <li>Quem já leu e quer um caderno de revisão</li>   <li>Quem prefere aplicar ideias a apenas ler sobre elas</li> </ul>  <blockquote>""Hábitos são os juros compostos do autoaperfeiçoamento."" — James Clear</blockquote>  <p>Parte da <strong>Coleção Leitura Breve</strong> — 38 volumes editoriais sobre os bestsellers que mais venderam no Brasil. Cada volume é um caderno completo, pensado para uma única sessão de leitura.</p>","R$ 19,90","1990","","download","Habitos_Atomicos_Resumo.pdf","leitura_breve_vol_01"
"digital","02","Vol. 02 · O Alquimista — Resumo Leitura Breve","Fábula","Fábula; Filosófico; Literatura brasileira; Paulo Coelho; Leitura Breve","Resumo editorial de ""O Alquimista"" (Paulo Coelho). 25-39 páginas com tese, capítulos comentados, citações e caderno de leitura.","<h2>Resumo editorial de <em>O Alquimista</em></h2> <p><strong>Autor:</strong> Paulo Coelho<br> <strong>Categoria:</strong> Fábula · Filosófico · Literatura brasileira<br> <strong>Coleção:</strong> Leitura Breve · Vol. 02</p>  <h3>A tese, em uma frase</h3> <p><em>Quando você quer alguma coisa, todo o universo conspira para que você realize o seu desejo.</em></p>  <h3>O que você recebe</h3> <ul>   <li>Resumo editorial completo em PDF (formato A4, design minimalista moderno)</li>   <li>Tese central destacada</li>   <li>Capítulos comentados com pontos-chave</li>   <li>Citações em destaque (parede de citações)</li>   <li>Insights e inversões</li>   <li>Aplicação prática (passo a passo)</li>   <li>Cronograma de 4 semanas para implantar as ideias</li>   <li>Caderno de leitura com espaço para anotações</li>   <li>Provocações pessoais para reflexão</li> </ul>  <h3>Para quem é</h3> <ul>   <li>Quem quer entender a essência do livro em uma sessão de leitura</li>   <li>Quem já leu e quer um caderno de revisão</li>   <li>Quem prefere aplicar ideias a apenas ler sobre elas</li> </ul>  <blockquote>""Maktub. Está escrito."" — Paulo Coelho</blockquote>  <p>Parte da <strong>Coleção Leitura Breve</strong> — 38 volumes editoriais sobre os bestsellers que mais venderam no Brasil. Cada volume é um caderno completo, pensado para uma única sessão de leitura.</p>","R$ 19,90","1990","","download","O_Alquimista_Resumo.pdf","leitura_breve_vol_02"
"digital","03","Vol. 03 · A Sutil Arte de Ligar o F*da-Se — Resumo Leitura Breve","Desenvolvimento pessoal","Desenvolvimento pessoal; Contraintuitivo; Mark Manson; Leitura Breve","Resumo editorial de ""A Sutil Arte de Ligar o F*da-Se"" (Mark Manson). 25-39 páginas com tese, capítulos comentados, citações e caderno de leitura.","<h2>Resumo editorial de <em>A Sutil Arte de Ligar o F*da-Se</em></h2> <p><strong>Autor:</strong> Mark Manson<br> <strong>Categoria:</strong> Desenvolvimento pessoal · Contraintuitivo<br> <strong>Coleção:</strong> Leitura Breve · Vol. 03</p>  <h3>A tese, em uma frase</h3> <p><em>Não dar a mínima não é apatia. É escolher exatamente sobre o que se importar.</em></p>  <h3>O que você recebe</h3> <ul>   <li>Resumo editorial completo em PDF (formato A4, design minimalista moderno)</li>   <li>Tese central destacada</li>   <li>Capítulos comentados com pontos-chave</li>   <li>Citações em destaque (parede de citações)</li>   <li>Insights e inversões</li>   <li>Aplicação prática (passo a passo)</li>   <li>Cronograma de 4 semanas para implantar as ideias</li>   <li>Caderno de leitura com espaço para anotações</li>   <li>Provocações pessoais para reflexão</li> </ul>  <h3>Para quem é</h3> <ul>   <li>Quem quer entender a essência do livro em uma sessão de leitura</li>   <li>Quem já leu e quer um caderno de revisão</li>   <li>Quem prefere aplicar ideias a apenas ler sobre elas</li> </ul>  <blockquote>""Escolha o seu sofrimento."" — Mark Manson</blockquote>  <p>Parte da <strong>Coleção Leitura Breve</strong> — 38 volumes editoriais sobre os bestsellers que mais venderam no Brasil. Cada volume é um caderno completo, pensado para uma única sessão de leitura.</p>","R$ 19,90","1990","","download","A_Sutil_Arte_Resumo.pdf","leitura_breve_vol_03"
"digital","04","Vol. 04 · O Poder do Hábito — Resumo Leitura Breve","Comportamento","Comportamento; Neurociência; Negócios; Charles Duhigg; Leitura Breve","Resumo editorial de ""O Poder do Hábito"" (Charles Duhigg). 25-39 páginas com tese, capítulos comentados, citações e caderno de leitura.","<h2>Resumo editorial de <em>O Poder do Hábito</em></h2> <p><strong>Autor:</strong> Charles Duhigg<br> <strong>Categoria:</strong> Comportamento · Neurociência · Negócios<br> <strong>Coleção:</strong> Leitura Breve · Vol. 04</p>  <h3>A tese, em uma frase</h3> <p><em>Todo hábito é um loop deixa → rotina → recompensa. Compreender o loop é o começo de transformá-lo.</em></p>  <h3>O que você recebe</h3> <ul>   <li>Resumo editorial completo em PDF (formato A4, design minimalista moderno)</li>   <li>Tese central destacada</li>   <li>Capítulos comentados com pontos-chave</li>   <li>Citações em destaque (parede de citações)</li>   <li>Insights e inversões</li>   <li>Aplicação prática (passo a passo)</li>   <li>Cronograma de 4 semanas para implantar as ideias</li>   <li>Caderno de leitura com espaço para anotações</li>   <li>Provocações pessoais para reflexão</li> </ul>  <h3>Para quem é</h3> <ul>   <li>Quem quer entender a essência do livro em uma sessão de leitura</li>   <li>Quem já leu e quer um caderno de revisão</li>   <li>Quem prefere aplicar ideias a apenas ler sobre elas</li> </ul>  <blockquote>""A vida toda, tal como a conhecemos, é uma massa de hábitos."" — Charles Duhigg</blockquote>  <p>Parte da <strong>Coleção Leitura Breve</strong> — 38 volumes editoriais sobre os bestsellers que mais venderam no Brasil. Cada volume é um caderno completo, pensado para uma única sessão de leitura.</p>","R$ 19,90","1990","","download","Vol_04_poder_habito.pdf","leitura_breve_vol_04"
"digital","05","Vol. 05 · Mindset — Resumo Leitura Breve","Psicologia","Psicologia; Educação; Aprendizagem; Carol S. Dweck; Leitura Breve","Resumo editorial de ""Mindset"" (Carol S. Dweck). 25-39 páginas com tese, capítulos comentados, citações e caderno de leitura.","<h2>Resumo editorial de <em>Mindset</em></h2> <p><strong>Autor:</strong> Carol S. Dweck<br> <strong>Categoria:</strong> Psicologia · Educação · Aprendizagem<br> <strong>Coleção:</strong> Leitura Breve · Vol. 05</p>  <h3>A tese, em uma frase</h3> <p><em>Não é o talento que define a sua trajetória, é a mentalidade com que você encara o esforço, a falha e a crítica.</em></p>  <h3>O que você recebe</h3> <ul>   <li>Resumo editorial completo em PDF (formato A4, design minimalista moderno)</li>   <li>Tese central destacada</li>   <li>Capítulos comentados com pontos-chave</li>   <li>Citações em destaque (parede de citações)</li>   <li>Insights e inversões</li>   <li>Aplicação prática (passo a passo)</li>   <li>Cronograma de 4 semanas para implantar as ideias</li>   <li>Caderno de leitura com espaço para anotações</li>   <li>Provocações pessoais para reflexão</li> </ul>  <h3>Para quem é</h3> <ul>   <li>Quem quer entender a essência do livro em uma sessão de leitura</li>   <li>Quem já leu e quer um caderno de revisão</li>   <li>Quem prefere aplicar ideias a apenas ler sobre elas</li> </ul>  <blockquote>""O passe que você consegue dar não é mais importante do que o passe que você ainda não consegue dar."" — Carol S. Dweck</blockquote>  <p>Parte da <strong>Coleção Leitura Breve</strong> — 38 volumes editoriais sobre os bestsellers que mais venderam no Brasil. Cada volume é um caderno completo, pensado para uma única sessão de leitura.</p>","R$ 19,90","1990","","download","Vol_05_mindset.pdf","leitura_breve_vol_05"
"digital","06","Vol. 06 · O Milagre da Manhã — Resumo Leitura Breve","Rotina","Rotina; Disciplina; Manhã; Hal Elrod; Leitura Breve","Resumo editorial de ""O Milagre da Manhã"" (Hal Elrod). 25-39 páginas com tese, capítulos comentados, citações e caderno de leitura.","<h2>Resumo editorial de <em>O Milagre da Manhã</em></h2> <p><strong>Autor:</strong> Hal Elrod<br> <strong>Categoria:</strong> Rotina · Disciplina · Manhã<br> <strong>Coleção:</strong> Leitura Breve · Vol. 06</p>  <h3>A tese, em uma frase</h3> <p><em>A forma como você acorda determina a qualidade do seu dia.</em></p>  <h3>O que você recebe</h3> <ul>   <li>Resumo editorial completo em PDF (formato A4, design minimalista moderno)</li>   <li>Tese central destacada</li>   <li>Capítulos comentados com pontos-chave</li>   <li>Citações em destaque (parede de citações)</li>   <li>Insights e inversões</li>   <li>Aplicação prática (passo a passo)</li>   <li>Cronograma de 4 semanas para implantar as ideias</li>   <li>Caderno de leitura com espaço para anotações</li>   <li>Provocações pessoais para reflexão</li> </ul>  <h3>Para quem é</h3> <ul>   <li>Quem quer entender a essência do livro em uma sessão de leitura</li>   <li>Quem já leu e quer um caderno de revisão</li>   <li>Quem prefere aplicar ideias a apenas ler sobre elas</li> </ul>  <blockquote>""O nível de sucesso que você alcança raramente ultrapassa o nível do seu desenvolvimento pessoal."" — Hal Elrod</blockquote>  <p>Parte da <strong>Coleção Leitura Breve</strong> — 38 volumes editoriais sobre os bestsellers que mais venderam no Brasil. Cada volume é um caderno completo, pensado para uma única sessão de leitura.</p>","R$ 19,90","1990","","download","Vol_06_milagre_manha.pdf","leitura_breve_vol_06"
"digital","07","Vol. 07 · Pai Rico, Pai Pobre — Resumo Leitura Breve","Finanças","Finanças; Educação financeira; Mentalidade; Robert T. Kiyosaki; Leitura Breve","Resumo editorial de ""Pai Rico, Pai Pobre"" (Robert T. Kiyosaki). 25-39 páginas com tese, capítulos comentados, citações e caderno de leitura.","<h2>Resumo editorial de <em>Pai Rico, Pai Pobre</em></h2> <p><strong>Autor:</strong> Robert T. Kiyosaki<br> <strong>Categoria:</strong> Finanças · Educação financeira · Mentalidade<br> <strong>Coleção:</strong> Leitura Breve · Vol. 07</p>  <h3>A tese, em uma frase</h3> <p><em>Não é o quanto você ganha — é o quanto você guarda, faz crescer e quantas gerações você banca com isso.</em></p>  <h3>O que você recebe</h3> <ul>   <li>Resumo editorial completo em PDF (formato A4, design minimalista moderno)</li>   <li>Tese central destacada</li>   <li>Capítulos comentados com pontos-chave</li>   <li>Citações em destaque (parede de citações)</li>   <li>Insights e inversões</li>   <li>Aplicação prática (passo a passo)</li>   <li>Cronograma de 4 semanas para implantar as ideias</li>   <li>Caderno de leitura com espaço para anotações</li>   <li>Provocações pessoais para reflexão</li> </ul>  <h3>Para quem é</h3> <ul>   <li>Quem quer entender a essência do livro em uma sessão de leitura</li>   <li>Quem já leu e quer um caderno de revisão</li>   <li>Quem prefere aplicar ideias a apenas ler sobre elas</li> </ul>  <blockquote>""Os ricos compram ativos. Os pobres só têm despesas."" — Robert T. Kiyosaki</blockquote>  <p>Parte da <strong>Coleção Leitura Breve</strong> — 38 volumes editoriais sobre os bestsellers que mais venderam no Brasil. Cada volume é um caderno completo, pensado para uma única sessão de leitura.</p>","R$ 19,90","1990","","download","Vol_07_pai_rico.pdf","leitura_breve_vol_07"
"digital","08","Vol. 08 · Os 7 Hábitos das Pessoas Altamente Eficazes — Resumo Leitura Breve","Liderança","Liderança; Eficácia; Princípios; Stephen R. Covey; Leitura Breve","Resumo editorial de ""Os 7 Hábitos das Pessoas Altamente Eficazes"" (Stephen R. Covey). 25-39 páginas com tese, capítulos comentados, citações e caderno de leitura.","<h2>Resumo editorial de <em>Os 7 Hábitos das Pessoas Altamente Eficazes</em></h2> <p><strong>Autor:</strong> Stephen R. Covey<br> <strong>Categoria:</strong> Liderança · Eficácia · Princípios<br> <strong>Coleção:</strong> Leitura Breve · Vol. 08</p>  <h3>A tese, em uma frase</h3> <p><em>Eficácia é caráter — não técnica. E caráter se constrói por princípios universais postos em hábito.</em></p>  <h3>O que você recebe</h3> <ul>   <li>Resumo editorial completo em PDF (formato A4, design minimalista moderno)</li>   <li>Tese central destacada</li>   <li>Capítulos comentados com pontos-chave</li>   <li>Citações em destaque (parede de citações)</li>   <li>Insights e inversões</li>   <li>Aplicação prática (passo a passo)</li>   <li>Cronograma de 4 semanas para implantar as ideias</li>   <li>Caderno de leitura com espaço para anotações</li>   <li>Provocações pessoais para reflexão</li> </ul>  <h3>Para quem é</h3> <ul>   <li>Quem quer entender a essência do livro em uma sessão de leitura</li>   <li>Quem já leu e quer um caderno de revisão</li>   <li>Quem prefere aplicar ideias a apenas ler sobre elas</li> </ul>  <blockquote>""Entre estímulo e resposta há um espaço. Nesse espaço está a nossa liberdade."" — Stephen R. Covey</blockquote>  <p>Parte da <strong>Coleção Leitura Breve</strong> — 38 volumes editoriais sobre os bestsellers que mais venderam no Brasil. Cada volume é um caderno completo, pensado para uma única sessão de leitura.</p>","R$ 19,90","1990","","download","Vol_08_sete_habitos.pdf","leitura_breve_vol_08"
"digital","09","Vol. 09 · Como Fazer Amigos e Influenciar Pessoas — Resumo Leitura Breve","Comunicação","Comunicação; Relações; Persuasão; Dale Carnegie; Leitura Breve","Resumo editorial de ""Como Fazer Amigos e Influenciar Pessoas"" (Dale Carnegie). 25-39 páginas com tese, capítulos comentados, citações e caderno de leitura.","<h2>Resumo editorial de <em>Como Fazer Amigos e Influenciar Pessoas</em></h2> <p><strong>Autor:</strong> Dale Carnegie<br> <strong>Categoria:</strong> Comunicação · Relações · Persuasão<br> <strong>Coleção:</strong> Leitura Breve · Vol. 09</p>  <h3>A tese, em uma frase</h3> <p><em>Quase todo conflito humano nasce da necessidade não atendida de se sentir importante.</em></p>  <h3>O que você recebe</h3> <ul>   <li>Resumo editorial completo em PDF (formato A4, design minimalista moderno)</li>   <li>Tese central destacada</li>   <li>Capítulos comentados com pontos-chave</li>   <li>Citações em destaque (parede de citações)</li>   <li>Insights e inversões</li>   <li>Aplicação prática (passo a passo)</li>   <li>Cronograma de 4 semanas para implantar as ideias</li>   <li>Caderno de leitura com espaço para anotações</li>   <li>Provocações pessoais para reflexão</li> </ul>  <h3>Para quem é</h3> <ul>   <li>Quem quer entender a essência do livro em uma sessão de leitura</li>   <li>Quem já leu e quer um caderno de revisão</li>   <li>Quem prefere aplicar ideias a apenas ler sobre elas</li> </ul>  <blockquote>""Você pode fazer mais amigos em dois meses interessando-se pelos outros do que em dois anos tentando o contrário."" — Dale Carnegie</blockquote>  <p>Parte da <strong>Coleção Leitura Breve</strong> — 38 volumes editoriais sobre os bestsellers que mais venderam no Brasil. Cada volume é um caderno completo, pensado para uma única sessão de leitura.</p>","R$ 19,90","1990","","download","Vol_09_amigos.pdf","leitura_breve_vol_09"
"digital","10","Vol. 10 · O Homem Mais Rico da Babilônia — Resumo Leitura Breve","Finanças","Finanças; Parábola; Sabedoria antiga; George S. Clason; Leitura Breve","Resumo editorial de ""O Homem Mais Rico da Babilônia"" (George S. Clason). 25-39 páginas com tese, capítulos comentados, citações e caderno de leitura.","<h2>Resumo editorial de <em>O Homem Mais Rico da Babilônia</em></h2> <p><strong>Autor:</strong> George S. Clason<br> <strong>Categoria:</strong> Finanças · Parábola · Sabedoria antiga<br> <strong>Coleção:</strong> Leitura Breve · Vol. 10</p>  <h3>A tese, em uma frase</h3> <p><em>Riqueza não é mistério antigo nem privilégio moderno — é uma técnica simples que poucos têm a paciência de aplicar.</em></p>  <h3>O que você recebe</h3> <ul>   <li>Resumo editorial completo em PDF (formato A4, design minimalista moderno)</li>   <li>Tese central destacada</li>   <li>Capítulos comentados com pontos-chave</li>   <li>Citações em destaque (parede de citações)</li>   <li>Insights e inversões</li>   <li>Aplicação prática (passo a passo)</li>   <li>Cronograma de 4 semanas para implantar as ideias</li>   <li>Caderno de leitura com espaço para anotações</li>   <li>Provocações pessoais para reflexão</li> </ul>  <h3>Para quem é</h3> <ul>   <li>Quem quer entender a essência do livro em uma sessão de leitura</li>   <li>Quem já leu e quer um caderno de revisão</li>   <li>Quem prefere aplicar ideias a apenas ler sobre elas</li> </ul>  <blockquote>""Uma parte de tudo o que você ganha é sua para guardar."" — George S. Clason</blockquote>  <p>Parte da <strong>Coleção Leitura Breve</strong> — 38 volumes editoriais sobre os bestsellers que mais venderam no Brasil. Cada volume é um caderno completo, pensado para uma única sessão de leitura.</p>","R$ 19,90","1990","","download","Vol_10_babilonia.pdf","leitura_breve_vol_10"
"digital","11","Vol. 11 · O Monge e o Executivo — Resumo Leitura Breve","Liderança","Liderança; Servidora; Parábola; James C. Hunter; Leitura Breve","Resumo editorial de ""O Monge e o Executivo"" (James C. Hunter). 25-39 páginas com tese, capítulos comentados, citações e caderno de leitura.","<h2>Resumo editorial de <em>O Monge e o Executivo</em></h2> <p><strong>Autor:</strong> James C. Hunter<br> <strong>Categoria:</strong> Liderança · Servidora · Parábola<br> <strong>Coleção:</strong> Leitura Breve · Vol. 11</p>  <h3>A tese, em uma frase</h3> <p><em>Liderança não é autoridade conferida por um cargo — é influência ganha por serviço, caráter e amor.</em></p>  <h3>O que você recebe</h3> <ul>   <li>Resumo editorial completo em PDF (formato A4, design minimalista moderno)</li>   <li>Tese central destacada</li>   <li>Capítulos comentados com pontos-chave</li>   <li>Citações em destaque (parede de citações)</li>   <li>Insights e inversões</li>   <li>Aplicação prática (passo a passo)</li>   <li>Cronograma de 4 semanas para implantar as ideias</li>   <li>Caderno de leitura com espaço para anotações</li>   <li>Provocações pessoais para reflexão</li> </ul>  <h3>Para quem é</h3> <ul>   <li>Quem quer entender a essência do livro em uma sessão de leitura</li>   <li>Quem já leu e quer um caderno de revisão</li>   <li>Quem prefere aplicar ideias a apenas ler sobre elas</li> </ul>  <blockquote>""Liderar é identificar e satisfazer as necessidades legítimas das pessoas."" — James C. Hunter</blockquote>  <p>Parte da <strong>Coleção Leitura Breve</strong> — 38 volumes editoriais sobre os bestsellers que mais venderam no Brasil. Cada volume é um caderno completo, pensado para uma única sessão de leitura.</p>","R$ 19,90","1990","","download","Vol_11_monge.pdf","leitura_breve_vol_11"
"digital","12","Vol. 12 · Inteligência Emocional — Resumo Leitura Breve","Psicologia","Psicologia; Neurociência; Relações; Daniel Goleman; Leitura Breve","Resumo editorial de ""Inteligência Emocional"" (Daniel Goleman). 25-39 páginas com tese, capítulos comentados, citações e caderno de leitura.","<h2>Resumo editorial de <em>Inteligência Emocional</em></h2> <p><strong>Autor:</strong> Daniel Goleman<br> <strong>Categoria:</strong> Psicologia · Neurociência · Relações<br> <strong>Coleção:</strong> Leitura Breve · Vol. 12</p>  <h3>A tese, em uma frase</h3> <p><em>QE pode importar mais que QI. Quem domina as próprias emoções e lê as dos outros, lidera, prospera e ama melhor.</em></p>  <h3>O que você recebe</h3> <ul>   <li>Resumo editorial completo em PDF (formato A4, design minimalista moderno)</li>   <li>Tese central destacada</li>   <li>Capítulos comentados com pontos-chave</li>   <li>Citações em destaque (parede de citações)</li>   <li>Insights e inversões</li>   <li>Aplicação prática (passo a passo)</li>   <li>Cronograma de 4 semanas para implantar as ideias</li>   <li>Caderno de leitura com espaço para anotações</li>   <li>Provocações pessoais para reflexão</li> </ul>  <h3>Para quem é</h3> <ul>   <li>Quem quer entender a essência do livro em uma sessão de leitura</li>   <li>Quem já leu e quer um caderno de revisão</li>   <li>Quem prefere aplicar ideias a apenas ler sobre elas</li> </ul>  <blockquote>""Em um sentido muito real, todos nós temos duas mentes — uma que pensa e outra que sente."" — Daniel Goleman</blockquote>  <p>Parte da <strong>Coleção Leitura Breve</strong> — 38 volumes editoriais sobre os bestsellers que mais venderam no Brasil. Cada volume é um caderno completo, pensado para uma única sessão de leitura.</p>","R$ 19,90","1990","","download","Vol_12_ie.pdf","leitura_breve_vol_12"
"digital","13","Vol. 13 · Rápido e Devagar — Resumo Leitura Breve","Cognição","Cognição; Decisão; Vieses; Daniel Kahneman; Leitura Breve","Resumo editorial de ""Rápido e Devagar"" (Daniel Kahneman). 25-39 páginas com tese, capítulos comentados, citações e caderno de leitura.","<h2>Resumo editorial de <em>Rápido e Devagar</em></h2> <p><strong>Autor:</strong> Daniel Kahneman<br> <strong>Categoria:</strong> Cognição · Decisão · Vieses<br> <strong>Coleção:</strong> Leitura Breve · Vol. 13</p>  <h3>A tese, em uma frase</h3> <p><em>Você não é a voz da razão. É dois sistemas em conflito — e o rápido decide mais do que você imagina.</em></p>  <h3>O que você recebe</h3> <ul>   <li>Resumo editorial completo em PDF (formato A4, design minimalista moderno)</li>   <li>Tese central destacada</li>   <li>Capítulos comentados com pontos-chave</li>   <li>Citações em destaque (parede de citações)</li>   <li>Insights e inversões</li>   <li>Aplicação prática (passo a passo)</li>   <li>Cronograma de 4 semanas para implantar as ideias</li>   <li>Caderno de leitura com espaço para anotações</li>   <li>Provocações pessoais para reflexão</li> </ul>  <h3>Para quem é</h3> <ul>   <li>Quem quer entender a essência do livro em uma sessão de leitura</li>   <li>Quem já leu e quer um caderno de revisão</li>   <li>Quem prefere aplicar ideias a apenas ler sobre elas</li> </ul>  <blockquote>""Confiança não é um índice de acurácia. É um índice de coerência."" — Daniel Kahneman</blockquote>  <p>Parte da <strong>Coleção Leitura Breve</strong> — 38 volumes editoriais sobre os bestsellers que mais venderam no Brasil. Cada volume é um caderno completo, pensado para uma única sessão de leitura.</p>","R$ 19,90","1990","","download","Vol_13_rapido_devagar.pdf","leitura_breve_vol_13"
"digital","14","Vol. 14 · Trabalhe 4 Horas por Semana — Resumo Leitura Breve","Tempo","Tempo; Lifestyle Design; Empreendedorismo; Timothy Ferriss; Leitura Breve","Resumo editorial de ""Trabalhe 4 Horas por Semana"" (Timothy Ferriss). 25-39 páginas com tese, capítulos comentados, citações e caderno de leitura.","<h2>Resumo editorial de <em>Trabalhe 4 Horas por Semana</em></h2> <p><strong>Autor:</strong> Timothy Ferriss<br> <strong>Categoria:</strong> Tempo · Lifestyle Design · Empreendedorismo<br> <strong>Coleção:</strong> Leitura Breve · Vol. 14</p>  <h3>A tese, em uma frase</h3> <p><em>Não trabalhe mais — trabalhe menos, melhor. A vida é projetada, não passada.</em></p>  <h3>O que você recebe</h3> <ul>   <li>Resumo editorial completo em PDF (formato A4, design minimalista moderno)</li>   <li>Tese central destacada</li>   <li>Capítulos comentados com pontos-chave</li>   <li>Citações em destaque (parede de citações)</li>   <li>Insights e inversões</li>   <li>Aplicação prática (passo a passo)</li>   <li>Cronograma de 4 semanas para implantar as ideias</li>   <li>Caderno de leitura com espaço para anotações</li>   <li>Provocações pessoais para reflexão</li> </ul>  <h3>Para quem é</h3> <ul>   <li>Quem quer entender a essência do livro em uma sessão de leitura</li>   <li>Quem já leu e quer um caderno de revisão</li>   <li>Quem prefere aplicar ideias a apenas ler sobre elas</li> </ul>  <blockquote>""A questão não é aposentadoria — é mini-aposentadorias."" — Timothy Ferriss</blockquote>  <p>Parte da <strong>Coleção Leitura Breve</strong> — 38 volumes editoriais sobre os bestsellers que mais venderam no Brasil. Cada volume é um caderno completo, pensado para uma única sessão de leitura.</p>","R$ 19,90","1990","","download","Vol_14_trabalhe4h.pdf","leitura_breve_vol_14"
"digital","15","Vol. 15 · Os Segredos da Mente Milionária — Resumo Leitura Breve","Mentalidade","Mentalidade; Finanças; Crenças; T. Harv Eker; Leitura Breve","Resumo editorial de ""Os Segredos da Mente Milionária"" (T. Harv Eker). 25-39 páginas com tese, capítulos comentados, citações e caderno de leitura.","<h2>Resumo editorial de <em>Os Segredos da Mente Milionária</em></h2> <p><strong>Autor:</strong> T. Harv Eker<br> <strong>Categoria:</strong> Mentalidade · Finanças · Crenças<br> <strong>Coleção:</strong> Leitura Breve · Vol. 15</p>  <h3>A tese, em uma frase</h3> <p><em>Sua conta bancária reflete o seu plano interno do dinheiro.</em></p>  <h3>O que você recebe</h3> <ul>   <li>Resumo editorial completo em PDF (formato A4, design minimalista moderno)</li>   <li>Tese central destacada</li>   <li>Capítulos comentados com pontos-chave</li>   <li>Citações em destaque (parede de citações)</li>   <li>Insights e inversões</li>   <li>Aplicação prática (passo a passo)</li>   <li>Cronograma de 4 semanas para implantar as ideias</li>   <li>Caderno de leitura com espaço para anotações</li>   <li>Provocações pessoais para reflexão</li> </ul>  <h3>Para quem é</h3> <ul>   <li>Quem quer entender a essência do livro em uma sessão de leitura</li>   <li>Quem já leu e quer um caderno de revisão</li>   <li>Quem prefere aplicar ideias a apenas ler sobre elas</li> </ul>  <blockquote>""Pensamento → Sentimento → Ação → Resultado."" — T. Harv Eker</blockquote>  <p>Parte da <strong>Coleção Leitura Breve</strong> — 38 volumes editoriais sobre os bestsellers que mais venderam no Brasil. Cada volume é um caderno completo, pensado para uma única sessão de leitura.</p>","R$ 19,90","1990","","download","Vol_15_mente_milionaria.pdf","leitura_breve_vol_15"
"digital","16","Vol. 16 · Dom Casmurro — Resumo Leitura Breve","Literatura brasileira","Literatura brasileira; Romance; Ciúme; Machado de Assis; Leitura Breve","Resumo editorial de ""Dom Casmurro"" (Machado de Assis). 25-39 páginas com tese, capítulos comentados, citações e caderno de leitura.","<h2>Resumo editorial de <em>Dom Casmurro</em></h2> <p><strong>Autor:</strong> Machado de Assis<br> <strong>Categoria:</strong> Literatura brasileira · Romance · Ciúme<br> <strong>Coleção:</strong> Leitura Breve · Vol. 16</p>  <h3>A tese, em uma frase</h3> <p><em>A questão do livro não é 'Capitu traiu?' — é 'Bento merece ser acreditado?'.</em></p>  <h3>O que você recebe</h3> <ul>   <li>Resumo editorial completo em PDF (formato A4, design minimalista moderno)</li>   <li>Tese central destacada</li>   <li>Capítulos comentados com pontos-chave</li>   <li>Citações em destaque (parede de citações)</li>   <li>Insights e inversões</li>   <li>Aplicação prática (passo a passo)</li>   <li>Cronograma de 4 semanas para implantar as ideias</li>   <li>Caderno de leitura com espaço para anotações</li>   <li>Provocações pessoais para reflexão</li> </ul>  <h3>Para quem é</h3> <ul>   <li>Quem quer entender a essência do livro em uma sessão de leitura</li>   <li>Quem já leu e quer um caderno de revisão</li>   <li>Quem prefere aplicar ideias a apenas ler sobre elas</li> </ul>  <blockquote>""Capitu, olhos de ressaca."" — Machado de Assis</blockquote>  <p>Parte da <strong>Coleção Leitura Breve</strong> — 38 volumes editoriais sobre os bestsellers que mais venderam no Brasil. Cada volume é um caderno completo, pensado para uma única sessão de leitura.</p>","R$ 19,90","1990","","download","Vol_16_dom_casmurro.pdf","leitura_breve_vol_16"
"digital","17","Vol. 17 · Capitães da Areia — Resumo Leitura Breve","Literatura brasileira","Literatura brasileira; Bahia; Justiça social; Jorge Amado; Leitura Breve","Resumo editorial de ""Capitães da Areia"" (Jorge Amado). 25-39 páginas com tese, capítulos comentados, citações e caderno de leitura.","<h2>Resumo editorial de <em>Capitães da Areia</em></h2> <p><strong>Autor:</strong> Jorge Amado<br> <strong>Categoria:</strong> Literatura brasileira · Bahia · Justiça social<br> <strong>Coleção:</strong> Leitura Breve · Vol. 17</p>  <h3>A tese, em uma frase</h3> <p><em>Crianças abandonadas ao próprio destino se organizam — e a sociedade que as abandona é a verdadeira ré.</em></p>  <h3>O que você recebe</h3> <ul>   <li>Resumo editorial completo em PDF (formato A4, design minimalista moderno)</li>   <li>Tese central destacada</li>   <li>Capítulos comentados com pontos-chave</li>   <li>Citações em destaque (parede de citações)</li>   <li>Insights e inversões</li>   <li>Aplicação prática (passo a passo)</li>   <li>Cronograma de 4 semanas para implantar as ideias</li>   <li>Caderno de leitura com espaço para anotações</li>   <li>Provocações pessoais para reflexão</li> </ul>  <h3>Para quem é</h3> <ul>   <li>Quem quer entender a essência do livro em uma sessão de leitura</li>   <li>Quem já leu e quer um caderno de revisão</li>   <li>Quem prefere aplicar ideias a apenas ler sobre elas</li> </ul>  <blockquote>""Eles tinham na carne a mesma queimadura do sol."" — Jorge Amado</blockquote>  <p>Parte da <strong>Coleção Leitura Breve</strong> — 38 volumes editoriais sobre os bestsellers que mais venderam no Brasil. Cada volume é um caderno completo, pensado para uma única sessão de leitura.</p>","R$ 19,90","1990","","download","Vol_17_capitaes_areia.pdf","leitura_breve_vol_17"
"digital","18","Vol. 18 · O Pequeno Príncipe — Resumo Leitura Breve","Fábula","Fábula; Filosofia; Conto; Antoine de Saint-Exupéry; Leitura Breve","Resumo editorial de ""O Pequeno Príncipe"" (Antoine de Saint-Exupéry). 25-39 páginas com tese, capítulos comentados, citações e caderno de leitura.","<h2>Resumo editorial de <em>O Pequeno Príncipe</em></h2> <p><strong>Autor:</strong> Antoine de Saint-Exupéry<br> <strong>Categoria:</strong> Fábula · Filosofia · Conto<br> <strong>Coleção:</strong> Leitura Breve · Vol. 18</p>  <h3>A tese, em uma frase</h3> <p><em>O essencial é invisível aos olhos.</em></p>  <h3>O que você recebe</h3> <ul>   <li>Resumo editorial completo em PDF (formato A4, design minimalista moderno)</li>   <li>Tese central destacada</li>   <li>Capítulos comentados com pontos-chave</li>   <li>Citações em destaque (parede de citações)</li>   <li>Insights e inversões</li>   <li>Aplicação prática (passo a passo)</li>   <li>Cronograma de 4 semanas para implantar as ideias</li>   <li>Caderno de leitura com espaço para anotações</li>   <li>Provocações pessoais para reflexão</li> </ul>  <h3>Para quem é</h3> <ul>   <li>Quem quer entender a essência do livro em uma sessão de leitura</li>   <li>Quem já leu e quer um caderno de revisão</li>   <li>Quem prefere aplicar ideias a apenas ler sobre elas</li> </ul>  <blockquote>""Tu te tornas eternamente responsável por aquilo que cativas."" — Antoine de Saint-Exupéry</blockquote>  <p>Parte da <strong>Coleção Leitura Breve</strong> — 38 volumes editoriais sobre os bestsellers que mais venderam no Brasil. Cada volume é um caderno completo, pensado para uma única sessão de leitura.</p>","R$ 19,90","1990","","download","Vol_18_pequeno_principe.pdf","leitura_breve_vol_18"
"digital","19","Vol. 19 · Comece pelo Porquê — Resumo Leitura Breve","Liderança","Liderança; Propósito; Negócios; Simon Sinek; Leitura Breve","Resumo editorial de ""Comece pelo Porquê"" (Simon Sinek). 25-39 páginas com tese, capítulos comentados, citações e caderno de leitura.","<h2>Resumo editorial de <em>Comece pelo Porquê</em></h2> <p><strong>Autor:</strong> Simon Sinek<br> <strong>Categoria:</strong> Liderança · Propósito · Negócios<br> <strong>Coleção:</strong> Leitura Breve · Vol. 19</p>  <h3>A tese, em uma frase</h3> <p><em>As pessoas não compram o que você faz; compram o porquê você faz.</em></p>  <h3>O que você recebe</h3> <ul>   <li>Resumo editorial completo em PDF (formato A4, design minimalista moderno)</li>   <li>Tese central destacada</li>   <li>Capítulos comentados com pontos-chave</li>   <li>Citações em destaque (parede de citações)</li>   <li>Insights e inversões</li>   <li>Aplicação prática (passo a passo)</li>   <li>Cronograma de 4 semanas para implantar as ideias</li>   <li>Caderno de leitura com espaço para anotações</li>   <li>Provocações pessoais para reflexão</li> </ul>  <h3>Para quem é</h3> <ul>   <li>Quem quer entender a essência do livro em uma sessão de leitura</li>   <li>Quem já leu e quer um caderno de revisão</li>   <li>Quem prefere aplicar ideias a apenas ler sobre elas</li> </ul>  <blockquote>""Inspirar começa pelo porquê."" — Simon Sinek</blockquote>  <p>Parte da <strong>Coleção Leitura Breve</strong> — 38 volumes editoriais sobre os bestsellers que mais venderam no Brasil. Cada volume é um caderno completo, pensado para uma única sessão de leitura.</p>","R$ 19,90","1990","","download","Vol_19_comece_porque.pdf","leitura_breve_vol_19"
"digital","20","Vol. 20 · A Coragem de Ser Imperfeito — Resumo Leitura Breve","Vulnerabilidade","Vulnerabilidade; Vergonha; Coragem; Brené Brown; Leitura Breve","Resumo editorial de ""A Coragem de Ser Imperfeito"" (Brené Brown). 25-39 páginas com tese, capítulos comentados, citações e caderno de leitura.","<h2>Resumo editorial de <em>A Coragem de Ser Imperfeito</em></h2> <p><strong>Autor:</strong> Brené Brown<br> <strong>Categoria:</strong> Vulnerabilidade · Vergonha · Coragem<br> <strong>Coleção:</strong> Leitura Breve · Vol. 20</p>  <h3>A tese, em uma frase</h3> <p><em>Vulnerabilidade não é fraqueza — é o nascimento da coragem.</em></p>  <h3>O que você recebe</h3> <ul>   <li>Resumo editorial completo em PDF (formato A4, design minimalista moderno)</li>   <li>Tese central destacada</li>   <li>Capítulos comentados com pontos-chave</li>   <li>Citações em destaque (parede de citações)</li>   <li>Insights e inversões</li>   <li>Aplicação prática (passo a passo)</li>   <li>Cronograma de 4 semanas para implantar as ideias</li>   <li>Caderno de leitura com espaço para anotações</li>   <li>Provocações pessoais para reflexão</li> </ul>  <h3>Para quem é</h3> <ul>   <li>Quem quer entender a essência do livro em uma sessão de leitura</li>   <li>Quem já leu e quer um caderno de revisão</li>   <li>Quem prefere aplicar ideias a apenas ler sobre elas</li> </ul>  <blockquote>""Aparecer e deixar-se ver — isso é vulnerabilidade."" — Brené Brown</blockquote>  <p>Parte da <strong>Coleção Leitura Breve</strong> — 38 volumes editoriais sobre os bestsellers que mais venderam no Brasil. Cada volume é um caderno completo, pensado para uma única sessão de leitura.</p>","R$ 19,90","1990","","download","Vol_20_coragem_imperfeito.pdf","leitura_breve_vol_20"
"digital","21","Vol. 21 · Essencialismo — Resumo Leitura Breve","Foco","Foco; Prioridades; Decisão; Greg McKeown; Leitura Breve","Resumo editorial de ""Essencialismo"" (Greg McKeown). 25-39 páginas com tese, capítulos comentados, citações e caderno de leitura.","<h2>Resumo editorial de <em>Essencialismo</em></h2> <p><strong>Autor:</strong> Greg McKeown<br> <strong>Categoria:</strong> Foco · Prioridades · Decisão<br> <strong>Coleção:</strong> Leitura Breve · Vol. 21</p>  <h3>A tese, em uma frase</h3> <p><em>Menos, mas melhor. Quem não escolhe suas prioridades, é escolhido pelas dos outros.</em></p>  <h3>O que você recebe</h3> <ul>   <li>Resumo editorial completo em PDF (formato A4, design minimalista moderno)</li>   <li>Tese central destacada</li>   <li>Capítulos comentados com pontos-chave</li>   <li>Citações em destaque (parede de citações)</li>   <li>Insights e inversões</li>   <li>Aplicação prática (passo a passo)</li>   <li>Cronograma de 4 semanas para implantar as ideias</li>   <li>Caderno de leitura com espaço para anotações</li>   <li>Provocações pessoais para reflexão</li> </ul>  <h3>Para quem é</h3> <ul>   <li>Quem quer entender a essência do livro em uma sessão de leitura</li>   <li>Quem já leu e quer um caderno de revisão</li>   <li>Quem prefere aplicar ideias a apenas ler sobre elas</li> </ul>  <blockquote>""Se você não prioriza sua vida, alguém vai fazê-lo por você."" — Greg McKeown</blockquote>  <p>Parte da <strong>Coleção Leitura Breve</strong> — 38 volumes editoriais sobre os bestsellers que mais venderam no Brasil. Cada volume é um caderno completo, pensado para uma única sessão de leitura.</p>","R$ 19,90","1990","","download","Vol_21_essencialismo.pdf","leitura_breve_vol_21"
"digital","22","Vol. 22 · Antifrágil — Resumo Leitura Breve","Risco","Risco; Filosofia; Decisão sob incerteza; Nassim Taleb; Leitura Breve","Resumo editorial de ""Antifrágil"" (Nassim Taleb). 25-39 páginas com tese, capítulos comentados, citações e caderno de leitura.","<h2>Resumo editorial de <em>Antifrágil</em></h2> <p><strong>Autor:</strong> Nassim Taleb<br> <strong>Categoria:</strong> Risco · Filosofia · Decisão sob incerteza<br> <strong>Coleção:</strong> Leitura Breve · Vol. 22</p>  <h3>A tese, em uma frase</h3> <p><em>O oposto de frágil não é robusto. É antifrágil — o que ganha com o estresse, a incerteza e o caos.</em></p>  <h3>O que você recebe</h3> <ul>   <li>Resumo editorial completo em PDF (formato A4, design minimalista moderno)</li>   <li>Tese central destacada</li>   <li>Capítulos comentados com pontos-chave</li>   <li>Citações em destaque (parede de citações)</li>   <li>Insights e inversões</li>   <li>Aplicação prática (passo a passo)</li>   <li>Cronograma de 4 semanas para implantar as ideias</li>   <li>Caderno de leitura com espaço para anotações</li>   <li>Provocações pessoais para reflexão</li> </ul>  <h3>Para quem é</h3> <ul>   <li>Quem quer entender a essência do livro em uma sessão de leitura</li>   <li>Quem já leu e quer um caderno de revisão</li>   <li>Quem prefere aplicar ideias a apenas ler sobre elas</li> </ul>  <blockquote>""Frágil quebra com volatilidade. Antifrágil prospera."" — Nassim Taleb</blockquote>  <p>Parte da <strong>Coleção Leitura Breve</strong> — 38 volumes editoriais sobre os bestsellers que mais venderam no Brasil. Cada volume é um caderno completo, pensado para uma única sessão de leitura.</p>","R$ 19,90","1990","","download","Vol_22_antifragil.pdf","leitura_breve_vol_22"
"digital","23","Vol. 23 · A Arte da Guerra — Resumo Leitura Breve","Estratégia","Estratégia; Liderança; Clássico chinês; Sun Tzu; Leitura Breve","Resumo editorial de ""A Arte da Guerra"" (Sun Tzu). 25-39 páginas com tese, capítulos comentados, citações e caderno de leitura.","<h2>Resumo editorial de <em>A Arte da Guerra</em></h2> <p><strong>Autor:</strong> Sun Tzu<br> <strong>Categoria:</strong> Estratégia · Liderança · Clássico chinês<br> <strong>Coleção:</strong> Leitura Breve · Vol. 23</p>  <h3>A tese, em uma frase</h3> <p><em>A maior vitória é vencer sem precisar lutar.</em></p>  <h3>O que você recebe</h3> <ul>   <li>Resumo editorial completo em PDF (formato A4, design minimalista moderno)</li>   <li>Tese central destacada</li>   <li>Capítulos comentados com pontos-chave</li>   <li>Citações em destaque (parede de citações)</li>   <li>Insights e inversões</li>   <li>Aplicação prática (passo a passo)</li>   <li>Cronograma de 4 semanas para implantar as ideias</li>   <li>Caderno de leitura com espaço para anotações</li>   <li>Provocações pessoais para reflexão</li> </ul>  <h3>Para quem é</h3> <ul>   <li>Quem quer entender a essência do livro em uma sessão de leitura</li>   <li>Quem já leu e quer um caderno de revisão</li>   <li>Quem prefere aplicar ideias a apenas ler sobre elas</li> </ul>  <blockquote>""Conheça o inimigo e a si mesmo, e em cem batalhas não correrá perigo."" — Sun Tzu</blockquote>  <p>Parte da <strong>Coleção Leitura Breve</strong> — 38 volumes editoriais sobre os bestsellers que mais venderam no Brasil. Cada volume é um caderno completo, pensado para uma única sessão de leitura.</p>","R$ 19,90","1990","","download","Vol_23_arte_guerra.pdf","leitura_breve_vol_23"
"digital","24","Vol. 24 · Meditações — Resumo Leitura Breve","Estoicismo","Estoicismo; Diário; Clássico romano; Marco Aurélio; Leitura Breve","Resumo editorial de ""Meditações"" (Marco Aurélio). 25-39 páginas com tese, capítulos comentados, citações e caderno de leitura.","<h2>Resumo editorial de <em>Meditações</em></h2> <p><strong>Autor:</strong> Marco Aurélio<br> <strong>Categoria:</strong> Estoicismo · Diário · Clássico romano<br> <strong>Coleção:</strong> Leitura Breve · Vol. 24</p>  <h3>A tese, em uma frase</h3> <p><em>O que está em seu poder não é o que acontece — é o que você pensa sobre o que acontece.</em></p>  <h3>O que você recebe</h3> <ul>   <li>Resumo editorial completo em PDF (formato A4, design minimalista moderno)</li>   <li>Tese central destacada</li>   <li>Capítulos comentados com pontos-chave</li>   <li>Citações em destaque (parede de citações)</li>   <li>Insights e inversões</li>   <li>Aplicação prática (passo a passo)</li>   <li>Cronograma de 4 semanas para implantar as ideias</li>   <li>Caderno de leitura com espaço para anotações</li>   <li>Provocações pessoais para reflexão</li> </ul>  <h3>Para quem é</h3> <ul>   <li>Quem quer entender a essência do livro em uma sessão de leitura</li>   <li>Quem já leu e quer um caderno de revisão</li>   <li>Quem prefere aplicar ideias a apenas ler sobre elas</li> </ul>  <blockquote>""Você tem poder sobre sua mente — não sobre os eventos."" — Marco Aurélio</blockquote>  <p>Parte da <strong>Coleção Leitura Breve</strong> — 38 volumes editoriais sobre os bestsellers que mais venderam no Brasil. Cada volume é um caderno completo, pensado para uma única sessão de leitura.</p>","R$ 19,90","1990","","download","Vol_24_meditacoes.pdf","leitura_breve_vol_24"
"digital","25","Vol. 25 · As 48 Leis do Poder — Resumo Leitura Breve","Poder","Poder; Estratégia; Polêmico; Robert Greene; Leitura Breve","Resumo editorial de ""As 48 Leis do Poder"" (Robert Greene). 25-39 páginas com tese, capítulos comentados, citações e caderno de leitura.","<h2>Resumo editorial de <em>As 48 Leis do Poder</em></h2> <p><strong>Autor:</strong> Robert Greene<br> <strong>Categoria:</strong> Poder · Estratégia · Polêmico<br> <strong>Coleção:</strong> Leitura Breve · Vol. 25</p>  <h3>A tese, em uma frase</h3> <p><em>O poder é jogo eterno entre humanos. Conhecer as regras é defesa.</em></p>  <h3>O que você recebe</h3> <ul>   <li>Resumo editorial completo em PDF (formato A4, design minimalista moderno)</li>   <li>Tese central destacada</li>   <li>Capítulos comentados com pontos-chave</li>   <li>Citações em destaque (parede de citações)</li>   <li>Insights e inversões</li>   <li>Aplicação prática (passo a passo)</li>   <li>Cronograma de 4 semanas para implantar as ideias</li>   <li>Caderno de leitura com espaço para anotações</li>   <li>Provocações pessoais para reflexão</li> </ul>  <h3>Para quem é</h3> <ul>   <li>Quem quer entender a essência do livro em uma sessão de leitura</li>   <li>Quem já leu e quer um caderno de revisão</li>   <li>Quem prefere aplicar ideias a apenas ler sobre elas</li> </ul>  <blockquote>""Nunca ofusque o senhor."" — Robert Greene</blockquote>  <p>Parte da <strong>Coleção Leitura Breve</strong> — 38 volumes editoriais sobre os bestsellers que mais venderam no Brasil. Cada volume é um caderno completo, pensado para uma única sessão de leitura.</p>","R$ 19,90","1990","","download","Vol_25_leis_poder.pdf","leitura_breve_vol_25"
"digital","26","Vol. 26 · A Estratégia do Oceano Azul — Resumo Leitura Breve","Estratégia","Estratégia; Inovação; Mercado; W. Chan Kim & R. Mauborgne; Leitura Breve","Resumo editorial de ""A Estratégia do Oceano Azul"" (W. Chan Kim & R. Mauborgne). 25-39 páginas com tese, capítulos comentados, citações e caderno de leitura.","<h2>Resumo editorial de <em>A Estratégia do Oceano Azul</em></h2> <p><strong>Autor:</strong> W. Chan Kim & R. Mauborgne<br> <strong>Categoria:</strong> Estratégia · Inovação · Mercado<br> <strong>Coleção:</strong> Leitura Breve · Vol. 26</p>  <h3>A tese, em uma frase</h3> <p><em>Empresas que vencem por décadas competem em um lugar onde quase ninguém está.</em></p>  <h3>O que você recebe</h3> <ul>   <li>Resumo editorial completo em PDF (formato A4, design minimalista moderno)</li>   <li>Tese central destacada</li>   <li>Capítulos comentados com pontos-chave</li>   <li>Citações em destaque (parede de citações)</li>   <li>Insights e inversões</li>   <li>Aplicação prática (passo a passo)</li>   <li>Cronograma de 4 semanas para implantar as ideias</li>   <li>Caderno de leitura com espaço para anotações</li>   <li>Provocações pessoais para reflexão</li> </ul>  <h3>Para quem é</h3> <ul>   <li>Quem quer entender a essência do livro em uma sessão de leitura</li>   <li>Quem já leu e quer um caderno de revisão</li>   <li>Quem prefere aplicar ideias a apenas ler sobre elas</li> </ul>  <blockquote>""A única forma de vencer a concorrência é parar de competir com ela."" — W. Chan Kim & R. Mauborgne</blockquote>  <p>Parte da <strong>Coleção Leitura Breve</strong> — 38 volumes editoriais sobre os bestsellers que mais venderam no Brasil. Cada volume é um caderno completo, pensado para uma única sessão de leitura.</p>","R$ 19,90","1990","","download","Vol_26_oceano_azul.pdf","leitura_breve_vol_26"
"digital","27","Vol. 27 · De Zero a Um — Resumo Leitura Breve","Empreendedorismo","Empreendedorismo; Tecnologia; Inovação; Peter Thiel; Leitura Breve","Resumo editorial de ""De Zero a Um"" (Peter Thiel). 25-39 páginas com tese, capítulos comentados, citações e caderno de leitura.","<h2>Resumo editorial de <em>De Zero a Um</em></h2> <p><strong>Autor:</strong> Peter Thiel<br> <strong>Categoria:</strong> Empreendedorismo · Tecnologia · Inovação<br> <strong>Coleção:</strong> Leitura Breve · Vol. 27</p>  <h3>A tese, em uma frase</h3> <p><em>Cópia leva o mundo de 1 a n. Inovação leva de 0 a 1.</em></p>  <h3>O que você recebe</h3> <ul>   <li>Resumo editorial completo em PDF (formato A4, design minimalista moderno)</li>   <li>Tese central destacada</li>   <li>Capítulos comentados com pontos-chave</li>   <li>Citações em destaque (parede de citações)</li>   <li>Insights e inversões</li>   <li>Aplicação prática (passo a passo)</li>   <li>Cronograma de 4 semanas para implantar as ideias</li>   <li>Caderno de leitura com espaço para anotações</li>   <li>Provocações pessoais para reflexão</li> </ul>  <h3>Para quem é</h3> <ul>   <li>Quem quer entender a essência do livro em uma sessão de leitura</li>   <li>Quem já leu e quer um caderno de revisão</li>   <li>Quem prefere aplicar ideias a apenas ler sobre elas</li> </ul>  <blockquote>""O próximo Bill Gates não vai criar um sistema operacional."" — Peter Thiel</blockquote>  <p>Parte da <strong>Coleção Leitura Breve</strong> — 38 volumes editoriais sobre os bestsellers que mais venderam no Brasil. Cada volume é um caderno completo, pensado para uma única sessão de leitura.</p>","R$ 19,90","1990","","download","Vol_27_zero_a_um.pdf","leitura_breve_vol_27"
"digital","28","Vol. 28 · Tudo é F*da — Resumo Leitura Breve","Filosofia","Filosofia; Esperança; Contraintuitivo; Mark Manson; Leitura Breve","Resumo editorial de ""Tudo é F*da"" (Mark Manson). 25-39 páginas com tese, capítulos comentados, citações e caderno de leitura.","<h2>Resumo editorial de <em>Tudo é F*da</em></h2> <p><strong>Autor:</strong> Mark Manson<br> <strong>Categoria:</strong> Filosofia · Esperança · Contraintuitivo<br> <strong>Coleção:</strong> Leitura Breve · Vol. 28</p>  <h3>A tese, em uma frase</h3> <p><em>Esperança não é virtude — é a substância que nos faz adiar a vida.</em></p>  <h3>O que você recebe</h3> <ul>   <li>Resumo editorial completo em PDF (formato A4, design minimalista moderno)</li>   <li>Tese central destacada</li>   <li>Capítulos comentados com pontos-chave</li>   <li>Citações em destaque (parede de citações)</li>   <li>Insights e inversões</li>   <li>Aplicação prática (passo a passo)</li>   <li>Cronograma de 4 semanas para implantar as ideias</li>   <li>Caderno de leitura com espaço para anotações</li>   <li>Provocações pessoais para reflexão</li> </ul>  <h3>Para quem é</h3> <ul>   <li>Quem quer entender a essência do livro em uma sessão de leitura</li>   <li>Quem já leu e quer um caderno de revisão</li>   <li>Quem prefere aplicar ideias a apenas ler sobre elas</li> </ul>  <blockquote>""Vida é como ler um romance sabendo o final."" — Mark Manson</blockquote>  <p>Parte da <strong>Coleção Leitura Breve</strong> — 38 volumes editoriais sobre os bestsellers que mais venderam no Brasil. Cada volume é um caderno completo, pensado para uma única sessão de leitura.</p>","R$ 19,90","1990","","download","Vol_28_tudo_foda.pdf","leitura_breve_vol_28"
"digital","29","Vol. 29 · O Homem em Busca de Sentido — Resumo Leitura Breve","Logoterapia","Logoterapia; Sobrevivência; Sentido; Viktor Frankl; Leitura Breve","Resumo editorial de ""O Homem em Busca de Sentido"" (Viktor Frankl). 25-39 páginas com tese, capítulos comentados, citações e caderno de leitura.","<h2>Resumo editorial de <em>O Homem em Busca de Sentido</em></h2> <p><strong>Autor:</strong> Viktor Frankl<br> <strong>Categoria:</strong> Logoterapia · Sobrevivência · Sentido<br> <strong>Coleção:</strong> Leitura Breve · Vol. 29</p>  <h3>A tese, em uma frase</h3> <p><em>Quem tem um porquê pode suportar qualquer como.</em></p>  <h3>O que você recebe</h3> <ul>   <li>Resumo editorial completo em PDF (formato A4, design minimalista moderno)</li>   <li>Tese central destacada</li>   <li>Capítulos comentados com pontos-chave</li>   <li>Citações em destaque (parede de citações)</li>   <li>Insights e inversões</li>   <li>Aplicação prática (passo a passo)</li>   <li>Cronograma de 4 semanas para implantar as ideias</li>   <li>Caderno de leitura com espaço para anotações</li>   <li>Provocações pessoais para reflexão</li> </ul>  <h3>Para quem é</h3> <ul>   <li>Quem quer entender a essência do livro em uma sessão de leitura</li>   <li>Quem já leu e quer um caderno de revisão</li>   <li>Quem prefere aplicar ideias a apenas ler sobre elas</li> </ul>  <blockquote>""A última das liberdades humanas é a de escolher a atitude."" — Viktor Frankl</blockquote>  <p>Parte da <strong>Coleção Leitura Breve</strong> — 38 volumes editoriais sobre os bestsellers que mais venderam no Brasil. Cada volume é um caderno completo, pensado para uma única sessão de leitura.</p>","R$ 19,90","1990","","download","Vol_29_busca_sentido.pdf","leitura_breve_vol_29"
"digital","30","Vol. 30 · Vidas Secas — Resumo Leitura Breve","Literatura brasileira","Literatura brasileira; Sertão; Modernismo; Graciliano Ramos; Leitura Breve","Resumo editorial de ""Vidas Secas"" (Graciliano Ramos). 25-39 páginas com tese, capítulos comentados, citações e caderno de leitura.","<h2>Resumo editorial de <em>Vidas Secas</em></h2> <p><strong>Autor:</strong> Graciliano Ramos<br> <strong>Categoria:</strong> Literatura brasileira · Sertão · Modernismo<br> <strong>Coleção:</strong> Leitura Breve · Vol. 30</p>  <h3>A tese, em uma frase</h3> <p><em>Há sofrimentos tão antigos que tomaram a forma de paisagem.</em></p>  <h3>O que você recebe</h3> <ul>   <li>Resumo editorial completo em PDF (formato A4, design minimalista moderno)</li>   <li>Tese central destacada</li>   <li>Capítulos comentados com pontos-chave</li>   <li>Citações em destaque (parede de citações)</li>   <li>Insights e inversões</li>   <li>Aplicação prática (passo a passo)</li>   <li>Cronograma de 4 semanas para implantar as ideias</li>   <li>Caderno de leitura com espaço para anotações</li>   <li>Provocações pessoais para reflexão</li> </ul>  <h3>Para quem é</h3> <ul>   <li>Quem quer entender a essência do livro em uma sessão de leitura</li>   <li>Quem já leu e quer um caderno de revisão</li>   <li>Quem prefere aplicar ideias a apenas ler sobre elas</li> </ul>  <blockquote>""Pareciam mudos. Falavam pouco."" — Graciliano Ramos</blockquote>  <p>Parte da <strong>Coleção Leitura Breve</strong> — 38 volumes editoriais sobre os bestsellers que mais venderam no Brasil. Cada volume é um caderno completo, pensado para uma única sessão de leitura.</p>","R$ 19,90","1990","","download","Vol_30_vidas_secas.pdf","leitura_breve_vol_30"
"digital","31","Vol. 31 · Memórias Póstumas de Brás Cubas — Resumo Leitura Breve","Literatura brasileira","Literatura brasileira; Realismo; Sátira; Machado de Assis; Leitura Breve","Resumo editorial de ""Memórias Póstumas de Brás Cubas"" (Machado de Assis). 25-39 páginas com tese, capítulos comentados, citações e caderno de leitura.","<h2>Resumo editorial de <em>Memórias Póstumas de Brás Cubas</em></h2> <p><strong>Autor:</strong> Machado de Assis<br> <strong>Categoria:</strong> Literatura brasileira · Realismo · Sátira<br> <strong>Coleção:</strong> Leitura Breve · Vol. 31</p>  <h3>A tese, em uma frase</h3> <p><em>A vida é absurda — e o melhor humor sobre ela vem depois da morte.</em></p>  <h3>O que você recebe</h3> <ul>   <li>Resumo editorial completo em PDF (formato A4, design minimalista moderno)</li>   <li>Tese central destacada</li>   <li>Capítulos comentados com pontos-chave</li>   <li>Citações em destaque (parede de citações)</li>   <li>Insights e inversões</li>   <li>Aplicação prática (passo a passo)</li>   <li>Cronograma de 4 semanas para implantar as ideias</li>   <li>Caderno de leitura com espaço para anotações</li>   <li>Provocações pessoais para reflexão</li> </ul>  <h3>Para quem é</h3> <ul>   <li>Quem quer entender a essência do livro em uma sessão de leitura</li>   <li>Quem já leu e quer um caderno de revisão</li>   <li>Quem prefere aplicar ideias a apenas ler sobre elas</li> </ul>  <blockquote>""Não tive filhos, não transmiti a nenhuma criatura o legado da nossa miséria."" — Machado de Assis</blockquote>  <p>Parte da <strong>Coleção Leitura Breve</strong> — 38 volumes editoriais sobre os bestsellers que mais venderam no Brasil. Cada volume é um caderno completo, pensado para uma única sessão de leitura.</p>","R$ 19,90","1990","","download","Vol_31_bras_cubas.pdf","leitura_breve_vol_31"
"digital","32","Vol. 32 · A Hora da Estrela — Resumo Leitura Breve","Literatura brasileira","Literatura brasileira; Modernismo; Solidão; Clarice Lispector; Leitura Breve","Resumo editorial de ""A Hora da Estrela"" (Clarice Lispector). 25-39 páginas com tese, capítulos comentados, citações e caderno de leitura.","<h2>Resumo editorial de <em>A Hora da Estrela</em></h2> <p><strong>Autor:</strong> Clarice Lispector<br> <strong>Categoria:</strong> Literatura brasileira · Modernismo · Solidão<br> <strong>Coleção:</strong> Leitura Breve · Vol. 32</p>  <h3>A tese, em uma frase</h3> <p><em>Existem vidas que ninguém narra.</em></p>  <h3>O que você recebe</h3> <ul>   <li>Resumo editorial completo em PDF (formato A4, design minimalista moderno)</li>   <li>Tese central destacada</li>   <li>Capítulos comentados com pontos-chave</li>   <li>Citações em destaque (parede de citações)</li>   <li>Insights e inversões</li>   <li>Aplicação prática (passo a passo)</li>   <li>Cronograma de 4 semanas para implantar as ideias</li>   <li>Caderno de leitura com espaço para anotações</li>   <li>Provocações pessoais para reflexão</li> </ul>  <h3>Para quem é</h3> <ul>   <li>Quem quer entender a essência do livro em uma sessão de leitura</li>   <li>Quem já leu e quer um caderno de revisão</li>   <li>Quem prefere aplicar ideias a apenas ler sobre elas</li> </ul>  <blockquote>""Quem é mais pobre? Eu, que tenho a palavra, ou ela, que não tem nada?"" — Clarice Lispector</blockquote>  <p>Parte da <strong>Coleção Leitura Breve</strong> — 38 volumes editoriais sobre os bestsellers que mais venderam no Brasil. Cada volume é um caderno completo, pensado para uma única sessão de leitura.</p>","R$ 19,90","1990","","download","Vol_32_hora_estrela.pdf","leitura_breve_vol_32"
"digital","33","Vol. 33 · Quarto de Despejo — Resumo Leitura Breve","Diário","Diário; Favela; Brasil real; Carolina Maria de Jesus; Leitura Breve","Resumo editorial de ""Quarto de Despejo"" (Carolina Maria de Jesus). 25-39 páginas com tese, capítulos comentados, citações e caderno de leitura.","<h2>Resumo editorial de <em>Quarto de Despejo</em></h2> <p><strong>Autor:</strong> Carolina Maria de Jesus<br> <strong>Categoria:</strong> Diário · Favela · Brasil real<br> <strong>Coleção:</strong> Leitura Breve · Vol. 33</p>  <h3>A tese, em uma frase</h3> <p><em>Existe um Brasil que escreve com lápis curto sobre cadernos achados no lixo.</em></p>  <h3>O que você recebe</h3> <ul>   <li>Resumo editorial completo em PDF (formato A4, design minimalista moderno)</li>   <li>Tese central destacada</li>   <li>Capítulos comentados com pontos-chave</li>   <li>Citações em destaque (parede de citações)</li>   <li>Insights e inversões</li>   <li>Aplicação prática (passo a passo)</li>   <li>Cronograma de 4 semanas para implantar as ideias</li>   <li>Caderno de leitura com espaço para anotações</li>   <li>Provocações pessoais para reflexão</li> </ul>  <h3>Para quem é</h3> <ul>   <li>Quem quer entender a essência do livro em uma sessão de leitura</li>   <li>Quem já leu e quer um caderno de revisão</li>   <li>Quem prefere aplicar ideias a apenas ler sobre elas</li> </ul>  <blockquote>""A favela é o quintal onde São Paulo joga o lixo."" — Carolina Maria de Jesus</blockquote>  <p>Parte da <strong>Coleção Leitura Breve</strong> — 38 volumes editoriais sobre os bestsellers que mais venderam no Brasil. Cada volume é um caderno completo, pensado para uma única sessão de leitura.</p>","R$ 19,90","1990","","download","Vol_33_quarto_despejo.pdf","leitura_breve_vol_33"
"digital","34","Vol. 34 · Cem Anos de Solidão — Resumo Leitura Breve","Realismo mágico","Realismo mágico; Saga; América Latina; Gabriel García Márquez; Leitura Breve","Resumo editorial de ""Cem Anos de Solidão"" (Gabriel García Márquez). 25-39 páginas com tese, capítulos comentados, citações e caderno de leitura.","<h2>Resumo editorial de <em>Cem Anos de Solidão</em></h2> <p><strong>Autor:</strong> Gabriel García Márquez<br> <strong>Categoria:</strong> Realismo mágico · Saga · América Latina<br> <strong>Coleção:</strong> Leitura Breve · Vol. 34</p>  <h3>A tese, em uma frase</h3> <p><em>Há famílias condenadas a repetir. Quem nomeia o ciclo, quebra-o.</em></p>  <h3>O que você recebe</h3> <ul>   <li>Resumo editorial completo em PDF (formato A4, design minimalista moderno)</li>   <li>Tese central destacada</li>   <li>Capítulos comentados com pontos-chave</li>   <li>Citações em destaque (parede de citações)</li>   <li>Insights e inversões</li>   <li>Aplicação prática (passo a passo)</li>   <li>Cronograma de 4 semanas para implantar as ideias</li>   <li>Caderno de leitura com espaço para anotações</li>   <li>Provocações pessoais para reflexão</li> </ul>  <h3>Para quem é</h3> <ul>   <li>Quem quer entender a essência do livro em uma sessão de leitura</li>   <li>Quem já leu e quer um caderno de revisão</li>   <li>Quem prefere aplicar ideias a apenas ler sobre elas</li> </ul>  <blockquote>""As estirpes condenadas a cem anos de solidão não têm uma segunda oportunidade."" — Gabriel García Márquez</blockquote>  <p>Parte da <strong>Coleção Leitura Breve</strong> — 38 volumes editoriais sobre os bestsellers que mais venderam no Brasil. Cada volume é um caderno completo, pensado para uma única sessão de leitura.</p>","R$ 19,90","1990","","download","Vol_34_cem_anos.pdf","leitura_breve_vol_34"
"digital","35","Vol. 35 · 1984 — Resumo Leitura Breve","Distopia","Distopia; Vigilância; Poder; George Orwell; Leitura Breve","Resumo editorial de ""1984"" (George Orwell). 25-39 páginas com tese, capítulos comentados, citações e caderno de leitura.","<h2>Resumo editorial de <em>1984</em></h2> <p><strong>Autor:</strong> George Orwell<br> <strong>Categoria:</strong> Distopia · Vigilância · Poder<br> <strong>Coleção:</strong> Leitura Breve · Vol. 35</p>  <h3>A tese, em uma frase</h3> <p><em>A liberdade é poder dizer que dois mais dois são quatro.</em></p>  <h3>O que você recebe</h3> <ul>   <li>Resumo editorial completo em PDF (formato A4, design minimalista moderno)</li>   <li>Tese central destacada</li>   <li>Capítulos comentados com pontos-chave</li>   <li>Citações em destaque (parede de citações)</li>   <li>Insights e inversões</li>   <li>Aplicação prática (passo a passo)</li>   <li>Cronograma de 4 semanas para implantar as ideias</li>   <li>Caderno de leitura com espaço para anotações</li>   <li>Provocações pessoais para reflexão</li> </ul>  <h3>Para quem é</h3> <ul>   <li>Quem quer entender a essência do livro em uma sessão de leitura</li>   <li>Quem já leu e quer um caderno de revisão</li>   <li>Quem prefere aplicar ideias a apenas ler sobre elas</li> </ul>  <blockquote>""Quem controla o passado, controla o futuro."" — George Orwell</blockquote>  <p>Parte da <strong>Coleção Leitura Breve</strong> — 38 volumes editoriais sobre os bestsellers que mais venderam no Brasil. Cada volume é um caderno completo, pensado para uma única sessão de leitura.</p>","R$ 19,90","1990","","download","Vol_35_1984.pdf","leitura_breve_vol_35"
"digital","36","Vol. 36 · O Diário de Anne Frank — Resumo Leitura Breve","Holocausto","Holocausto; Memória; Adolescência; Anne Frank; Leitura Breve","Resumo editorial de ""O Diário de Anne Frank"" (Anne Frank). 25-39 páginas com tese, capítulos comentados, citações e caderno de leitura.","<h2>Resumo editorial de <em>O Diário de Anne Frank</em></h2> <p><strong>Autor:</strong> Anne Frank<br> <strong>Categoria:</strong> Holocausto · Memória · Adolescência<br> <strong>Coleção:</strong> Leitura Breve · Vol. 36</p>  <h3>A tese, em uma frase</h3> <p><em>Humanidade não desaparece — é apagada.</em></p>  <h3>O que você recebe</h3> <ul>   <li>Resumo editorial completo em PDF (formato A4, design minimalista moderno)</li>   <li>Tese central destacada</li>   <li>Capítulos comentados com pontos-chave</li>   <li>Citações em destaque (parede de citações)</li>   <li>Insights e inversões</li>   <li>Aplicação prática (passo a passo)</li>   <li>Cronograma de 4 semanas para implantar as ideias</li>   <li>Caderno de leitura com espaço para anotações</li>   <li>Provocações pessoais para reflexão</li> </ul>  <h3>Para quem é</h3> <ul>   <li>Quem quer entender a essência do livro em uma sessão de leitura</li>   <li>Quem já leu e quer um caderno de revisão</li>   <li>Quem prefere aplicar ideias a apenas ler sobre elas</li> </ul>  <blockquote>""Apesar de tudo, eu ainda acredito que as pessoas são, no fundo, boas."" — Anne Frank</blockquote>  <p>Parte da <strong>Coleção Leitura Breve</strong> — 38 volumes editoriais sobre os bestsellers que mais venderam no Brasil. Cada volume é um caderno completo, pensado para uma única sessão de leitura.</p>","R$ 19,90","1990","","download","Vol_36_anne_frank.pdf","leitura_breve_vol_36"
"digital","37","Vol. 37 · A Revolução dos Bichos — Resumo Leitura Breve","Alegoria","Alegoria; Política; Revolução; George Orwell; Leitura Breve","Resumo editorial de ""A Revolução dos Bichos"" (George Orwell). 25-39 páginas com tese, capítulos comentados, citações e caderno de leitura.","<h2>Resumo editorial de <em>A Revolução dos Bichos</em></h2> <p><strong>Autor:</strong> George Orwell<br> <strong>Categoria:</strong> Alegoria · Política · Revolução<br> <strong>Coleção:</strong> Leitura Breve · Vol. 37</p>  <h3>A tese, em uma frase</h3> <p><em>Toda revolução fala em igualdade enquanto faz; algumas, depois, traduzem 'iguais' por 'mais iguais'.</em></p>  <h3>O que você recebe</h3> <ul>   <li>Resumo editorial completo em PDF (formato A4, design minimalista moderno)</li>   <li>Tese central destacada</li>   <li>Capítulos comentados com pontos-chave</li>   <li>Citações em destaque (parede de citações)</li>   <li>Insights e inversões</li>   <li>Aplicação prática (passo a passo)</li>   <li>Cronograma de 4 semanas para implantar as ideias</li>   <li>Caderno de leitura com espaço para anotações</li>   <li>Provocações pessoais para reflexão</li> </ul>  <h3>Para quem é</h3> <ul>   <li>Quem quer entender a essência do livro em uma sessão de leitura</li>   <li>Quem já leu e quer um caderno de revisão</li>   <li>Quem prefere aplicar ideias a apenas ler sobre elas</li> </ul>  <blockquote>""Todos os animais são iguais. Mas alguns animais são mais iguais que outros."" — George Orwell</blockquote>  <p>Parte da <strong>Coleção Leitura Breve</strong> — 38 volumes editoriais sobre os bestsellers que mais venderam no Brasil. Cada volume é um caderno completo, pensado para uma única sessão de leitura.</p>","R$ 19,90","1990","","download","Vol_37_revolucao_bichos.pdf","leitura_breve_vol_37"
"digital","38","Vol. 38 · Sapiens — Resumo Leitura Breve","História","História; Antropologia; Big history; Yuval Noah Harari; Leitura Breve","Resumo editorial de ""Sapiens"" (Yuval Noah Harari). 25-39 páginas com tese, capítulos comentados, citações e caderno de leitura.","<h2>Resumo editorial de <em>Sapiens</em></h2> <p><strong>Autor:</strong> Yuval Noah Harari<br> <strong>Categoria:</strong> História · Antropologia · Big history<br> <strong>Coleção:</strong> Leitura Breve · Vol. 38</p>  <h3>A tese, em uma frase</h3> <p><em>Sapiens domina o planeta por uma habilidade única: contar histórias em que muita gente acredita ao mesmo tempo.</em></p>  <h3>O que você recebe</h3> <ul>   <li>Resumo editorial completo em PDF (formato A4, design minimalista moderno)</li>   <li>Tese central destacada</li>   <li>Capítulos comentados com pontos-chave</li>   <li>Citações em destaque (parede de citações)</li>   <li>Insights e inversões</li>   <li>Aplicação prática (passo a passo)</li>   <li>Cronograma de 4 semanas para implantar as ideias</li>   <li>Caderno de leitura com espaço para anotações</li>   <li>Provocações pessoais para reflexão</li> </ul>  <h3>Para quem é</h3> <ul>   <li>Quem quer entender a essência do livro em uma sessão de leitura</li>   <li>Quem já leu e quer um caderno de revisão</li>   <li>Quem prefere aplicar ideias a apenas ler sobre elas</li> </ul>  <blockquote>""Há 70 mil anos, sapiens era um primata insignificante."" — Yuval Noah Harari</blockquote>  <p>Parte da <strong>Coleção Leitura Breve</strong> — 38 volumes editoriais sobre os bestsellers que mais venderam no Brasil. Cada volume é um caderno completo, pensado para uma única sessão de leitura.</p>","R$ 19,90","1990","","download","Vol_38_sapiens.pdf","leitura_breve_vol_38"
"subscription","","Assinatura Leitura Breve — Mensal","Assinatura","Assinatura; Coleção completa; Leitura Breve","Acesso a todos os 38 volumes da Coleção Leitura Breve + novos volumes que forem lançados.","<h2>Assinatura Leitura Breve</h2> <p>Acesso completo a <strong>todos os 38 volumes</strong> da Coleção Leitura Breve, mais os novos volumes que forem lançados durante a sua assinatura.</p>  <h3>O que você recebe</h3> <ul>   <li><strong>38 resumos editoriais</strong> em PDF (formato A4 minimalista) dos bestsellers que mais venderam no Brasil</li>   <li><strong>Catálogo completo</strong> com fichas e índice navegável</li>   <li><strong>Novos volumes</strong> incluídos automaticamente enquanto a assinatura estiver ativa</li>   <li><strong>Atualizações</strong> dos volumes existentes (versões revisadas)</li> </ul>  <h3>Coleção atual (38 volumes)</h3> <p>Desenvolvimento pessoal · Negócios · Filosofia · Estoicismo · Literatura brasileira · Literatura mundial · Antropologia · História.</p>  <ul>   <li>Hábitos Atômicos · O Alquimista · A Sutil Arte de Ligar o F*da-Se</li>   <li>O Poder do Hábito · Mindset · O Milagre da Manhã</li>   <li>Pai Rico, Pai Pobre · Os 7 Hábitos · Como Fazer Amigos</li>   <li>Babilônia · O Monge e o Executivo · Inteligência Emocional</li>   <li>Rápido e Devagar · 4 Horas por Semana · Mente Milionária</li>   <li>Dom Casmurro · Capitães da Areia · O Pequeno Príncipe</li>   <li>Comece pelo Porquê · A Coragem de Ser Imperfeito · Essencialismo</li>   <li>Antifrágil · A Arte da Guerra · Meditações · 48 Leis do Poder</li>   <li>Oceano Azul · De Zero a Um · Tudo é F*da</li>   <li>Em Busca de Sentido · Vidas Secas · Brás Cubas</li>   <li>A Hora da Estrela · Quarto de Despejo · Cem Anos de Solidão</li>   <li>1984 · Diário de Anne Frank · A Revolução dos Bichos · Sapiens</li> </ul>  <h3>Como funciona</h3> <ul>   <li>Acesso imediato após a confirmação do pagamento</li>   <li>Cobrança recorrente automática (cartão de crédito)</li>   <li>Cancele a qualquer momento, sem multa</li>   <li>Versão mensal: ideal para experimentar</li>   <li>Versão anual: 37% de desconto, ideal para o leitor compromissado</li> </ul>  <h3>Para quem é</h3> <ul>   <li>Quem lê muito e quer um arquivo organizado de resumos</li>   <li>Quem nunca tem tempo de ler livro inteiro</li>   <li>Quem prefere aplicar a só ler</li>   <li>Quem quer um caderno de leitura para a vida toda</li> </ul>","R$ 19,90","1990","monthly","members_area","","leitura_breve_assinatura_mensal"
"subscription","","Assinatura Leitura Breve — Anual (37% off)","Assinatura","Assinatura anual; Coleção completa; Leitura Breve","Acesso a todos os 38 volumes + novos lançamentos. Cobrança anual com desconto.","<h2>Assinatura Leitura Breve</h2> <p>Acesso completo a <strong>todos os 38 volumes</strong> da Coleção Leitura Breve, mais os novos volumes que forem lançados durante a sua assinatura.</p>  <h3>O que você recebe</h3> <ul>   <li><strong>38 resumos editoriais</strong> em PDF (formato A4 minimalista) dos bestsellers que mais venderam no Brasil</li>   <li><strong>Catálogo completo</strong> com fichas e índice navegável</li>   <li><strong>Novos volumes</strong> incluídos automaticamente enquanto a assinatura estiver ativa</li>   <li><strong>Atualizações</strong> dos volumes existentes (versões revisadas)</li> </ul>  <h3>Coleção atual (38 volumes)</h3> <p>Desenvolvimento pessoal · Negócios · Filosofia · Estoicismo · Literatura brasileira · Literatura mundial · Antropologia · História.</p>  <ul>   <li>Hábitos Atômicos · O Alquimista · A Sutil Arte de Ligar o F*da-Se</li>   <li>O Poder do Hábito · Mindset · O Milagre da Manhã</li>   <li>Pai Rico, Pai Pobre · Os 7 Hábitos · Como Fazer Amigos</li>   <li>Babilônia · O Monge e o Executivo · Inteligência Emocional</li>   <li>Rápido e Devagar · 4 Horas por Semana · Mente Milionária</li>   <li>Dom Casmurro · Capitães da Areia · O Pequeno Príncipe</li>   <li>Comece pelo Porquê · A Coragem de Ser Imperfeito · Essencialismo</li>   <li>Antifrágil · A Arte da Guerra · Meditações · 48 Leis do Poder</li>   <li>Oceano Azul · De Zero a Um · Tudo é F*da</li>   <li>Em Busca de Sentido · Vidas Secas · Brás Cubas</li>   <li>A Hora da Estrela · Quarto de Despejo · Cem Anos de Solidão</li>   <li>1984 · Diário de Anne Frank · A Revolução dos Bichos · Sapiens</li> </ul>  <h3>Como funciona</h3> <ul>   <li>Acesso imediato após a confirmação do pagamento</li>   <li>Cobrança recorrente automática (cartão de crédito)</li>   <li>Cancele a qualquer momento, sem multa</li>   <li>Versão mensal: ideal para experimentar</li>   <li>Versão anual: 37% de desconto, ideal para o leitor compromissado</li> </ul>  <h3>Para quem é</h3> <ul>   <li>Quem lê muito e quer um arquivo organizado de resumos</li>   <li>Quem nunca tem tempo de ler livro inteiro</li>   <li>Quem prefere aplicar a só ler</li>   <li>Quem quer um caderno de leitura para a vida toda</li> </ul>","R$ 149,00","14900","yearly","members_area","","leitura_breve_assinatura_anual"
